Stadium,Capacity,City,Country,Region,Teams,Sports
Narendra Modi Stadium[1],132000,"Ahmedabad, Gujarat",India,South Asia,India national cricket team,Cricket
Rungrado 1st of May Stadium,150000,Pyongyang,North Korea,East Asia,Korea DPR national football team*,"Association football, athletics, mass games"
Michigan Stadium,107601,"Ann Arbor, Michigan",United States,North America,Michigan Wolverines football,American football
Beaver Stadium,106572,"State College, Pennsylvania",United States,North America,Penn State Nittany Lions football,American football
Ohio Stadium,102780,"Columbus, Ohio",United States,North America,Ohio State Buckeyes football,American football
Kyle Field,102733,"College Station, Texas",United States,North America,Texas A&M Aggies football,American football
Neyland Stadium,102455,"Knoxville, Tennessee",United States,North America,Tennessee Volunteers football,American football
Tiger Stadium,102321,"Baton Rouge, Louisiana",United States,North America,LSU Tigers football,American football
Darrell K Royal–Texas Memorial Stadium,100119,"Austin, Texas",United States,North America,Texas Longhorns football,American football
Bryant–Denny Stadium,100077,"Tuscaloosa, Alabama",United States,North America,Alabama Crimson Tide football,American football
Melbourne Cricket Ground,100024,Melbourne,Australia,Oceania,"Australia national cricket team, Victorian Bushrangers, Melbourne Cricket Club, Melbourne Stars, Melbourne FC, Richmond FC, Collingwood FC, Hawthorn FC","Cricket, Australian rules football"
Camp Nou,99354,Barcelona,Spain,Europe,FC Barcelona,Association football
FNB Stadium,94736,Johannesburg,South Africa,Africa,"South African national football team, Kaizer Chiefs F.C.",Association football
Sanford Stadium,92746,"Athens, Georgia",United States,North America,Georgia Bulldogs football,American football
Cotton Bowl Stadium,92100,"Dallas, Texas",United States,North America,City of Dallas,American football
Rose Bowl,90888,"Pasadena, California",United States,North America,"UCLA Bruins football, Rose Bowl Game",American football
Wembley Stadium,90000,London,United Kingdom,Europe,England national football team,"Association football, rugby league, American football"
Ben Hill Griffin Stadium,88548,"Gainesville, Florida",United States,North America,Florida Gators football,American football
Jordan–Hare Stadium,87451,"Auburn, Alabama",United States,North America,Auburn Tigers football,American football
Bukit Jalil National Stadium,87411,Kuala Lumpur,Malaysia,Southeast Asia,Malaysia national football team,"Association football, athletics"
Estadio Azteca,87000,Mexico City,Mexico,North America,"Club América, Cruz Azul, Mexico national football team",Association football
Memorial Stadium,86047,"Lincoln, Nebraska",United States,North America,Nebraska Cornhuskers football,American football
Borg El Arab Stadium,86000,Alexandria,Egypt,Africa,Egypt national football team,Association football
Salt Lake Stadium,85000,Kolkata,India,South Asia,"India national football team, SC East Bengal, ATK Mohun Bagan FC, Mohammedan S.C.",Association football
Stadium Australia,83500,Sydney,Australia,Oceania,"New South Wales Blues, Canterbury-Bankstown Bulldogs, South Sydney Rabbitohs.","Rugby league, rugby union, cricket, Australian rules football"
MetLife Stadium,82500,"East Rutherford, New Jersey",United States,North America,"New York Giants, New York Jets","American football, association football"
Croke Park,82300,Dublin,Ireland,Europe,GAA,"Gaelic football, hurling, camogie"
FedExField,82000,"Landover, Maryland",United States,North America,Washington Football Team,American football
Twickenham Stadium,82000,London,United Kingdom,Europe,England national rugby union team,Rugby union
Memorial Stadium,81500,"Clemson, South Carolina",United States,North America,Clemson Tigers football,American football
Lambeau Field,81441,"Green Bay, Wisconsin",United States,North America,Green Bay Packers,American football
Stade de France,81338,Saint-Denis,France,Europe,"France national football team, France national rugby union team[34]*, Stade Français*, Racing Métro*","Association football, rugby union, athletics"
Estadio Santiago Bernabéu,81044,Madrid,Spain,Europe,Real Madrid C.F.,Association football
Shah Alam Stadium,80372,Shah Alam,Malaysia,Southeast Asia,Selangor FA,Association football
Camp Randall Stadium,80321,"Madison, Wisconsin",United States,North America,Wisconsin Badgers football,American football
Williams-Brice Stadium,80250,"Columbia, South Carolina",United States,North America,South Carolina Gamecocks football,American football
Gaylord Family Oklahoma Memorial Stadium,80126,"Norman, Oklahoma",United States,North America,Oklahoma Sooners football,American football
Estadio Monumental,80093,Lima,Peru,South America,Universitario de Deportes,Association football
Guangdong Olympic Stadium,80012,"Guangzhou, Guangdong",China,East Asia,,"Association football, athletics"
AT&T Stadium,80000,"Arlington, Texas",United States,North America,"Dallas Cowboys, Cotton Bowl",American football
Beijing National Stadium,80000,Beijing,China,East Asia,,"Athletics, association football"
Stade 5 Juillet 1962,80000,Algiers,Algeria,Africa,MC Algiers,Association football
Stade des Martyrs,80000,Kinshasa,Democratic Republic of the Congo,Africa,Congo DR national football team,Association football
National Stadium,80000,Tokyo,Japan,East Asia,Japan national football team,"Association football, athletics, rugby union"
Hangzhou Sports Park Stadium,80000,Hangzhou,China,East Asia,,"Association football, athletics"
Doak Campbell Stadium,79560,"Tallahassee, Florida",United States,North America,Florida State Seminoles football,American football
Estádio do Maracanã,78838,Rio de Janeiro,Brazil,South America,"Flamengo, Fluminense, Brazil national football team",Association football
Azadi Stadium,78116,Tehran,Iran,West Asia,"Iran national football team, Persepolis, Esteghlal",Association football
Luzhniki Stadium,78011,Moscow,Russia,Europe,Russia national football team,Association football
Notre Dame Stadium,77622,"South Bend, Indiana",United States,North America,Notre Dame Fighting Irish football,American football
Los Angeles Memorial Coliseum,77500,Los Angeles,United States,North America,USC Trojans football,American football
Mercedes-Benz Stadium,77430,Atlanta,United States,North America,"Atlanta Falcons, Atlanta United FC","American football, association football"
Gelora Bung Karno Stadium,77193,Jakarta,Indonesia,Southeast Asia,"Indonesia national football team, Persija Jakarta","Association football, athletics"
TIAA Bank Field,76867,"Jacksonville, Florida",United States,North America,Jacksonville Jaguars,American football
Arrowhead Stadium,76412,"Kansas City, Missouri",United States,North America,Kansas City Chiefs,American football
Donald W. Reynolds Razorback Stadium,76212,"Fayetteville, Arkansas",United States,North America,Arkansas Razorbacks football[56],American football
Empower Field at Mile High,76125,Denver,United States,North America,"Denver Broncos, Denver Outlaws","American football, lacrosse"
Atatürk Olympic Stadium,76092,Istanbul,Turkey,West Asia,İstanbul Büyükşehir Belediyesi S.K.,"Association football, athletics"
Stadio Giuseppe Meazza (San Siro),80018,Milan,Italy,Europe,"A. C. Milan, F.C. Internazionale Milano, Atalanta B. C. (only UCL 2019/20 matches)",Association football
Old Trafford,75639,Manchester,United Kingdom,Europe,Manchester United F.C.,"Association football, rugby league"
Spartan Stadium,75025,"East Lansing, Michigan",United States,North America,Michigan State Spartans football,American football
Athens Olympic Stadium,75000,Athens,Greece,Europe,AEK Athens,"Association football, athletics"
Allianz Arena,75000,Munich,Germany,Europe,Bayern Munich,Association football
Naghsh-e Jahan Stadium,75000,Isfahan,Iran,West Asia,Sepahan S.C.,Association football
Principality Stadium,74500,Cardiff,United Kingdom,Europe,Wales national rugby union team,"Rugby union, association football,"
Olympiastadion,74228,Berlin,Germany,Europe,Hertha BSC Berlin,"Association football, athletics"
Cairo International Stadium,74100,Cairo,Egypt,Africa,"Egypt national football team, El Ahly, El Zamalek",Association football
Bills Stadium,73967,"Orchard Park, New York",United States,North America,Buffalo Bills,American football
Bank of America Stadium,73298,"Charlotte, North Carolina",United States,North America,Carolina Panthers,American football
Mercedes-Benz Superdome,73208,New Orleans,United States,North America,New Orleans Saints,"American football, association football, baseball"
FirstEnergy Stadium,73200,Cleveland,United States,North America,Cleveland Browns,American football
International Stadium Yokohama,72327,Yokohama,Japan,East Asia,Yokohama F. Marinos,Association football
Legion Field,72000,"Birmingham, Alabama",United States,North America,UAB Blazers football,American football
NRG Stadium,71500,Houston,United States,North America,Houston Texans,American football
M&T Bank Stadium,71008,Baltimore,United States,North America,Baltimore Ravens,American football
Faurot Field,71004,"Columbia, Missouri",United States,North America,Missouri Tigers football,American football
Stadio Olimpico,70634,Rome,Italy,Europe,"A.S. Roma, S.S. Lazio, Italy national rugby union team","Association football, athletics"
Kinnick Stadium,70585,"Iowa City, Iowa",United States,North America,Iowa Hawkeyes football,American football
SoFi Stadium,70240,Inglewood,United States,North America,"Los Angeles Rams, Los Angeles Chargers, hosts LA Bowl",American football
Husky Stadium,70138,Seattle,United States,North America,Washington Huskies football,American football
Estadio Monumental Antonio Vespucio Liberti,70074,Buenos Aires,Argentina,South America,"Argentina national football team, River Plate",Association football
Estádio Nacional de Brasília,70064,Brasília,Brazil,South America,Sociedade Esportiva do Gama*,Association football
Olimpiyskiy National Sports Complex,70050,Kyiv,Ukraine,Europe,FK Dynamo Kyiv,"Association football, Athletics"
Seoul Olympic Stadium,69950,Seoul,South Korea,East Asia,"Korea Republic national football team, Seoul E-Land FC","Athletics, association football"
Baku National Stadium,69870,Baku,Azerbaijan,West Asia,Azerbaijan national football team,"Association football, athletics"
München Olympiastadion,69250,Munich,Germany,Europe,,Athletics
Nissan Stadium,69143,"Nashville, Tennessee",United States,North America,"Tennessee Titans, Tennessee State Tigers football",American football
Lumen Field,68740,Seattle,United States,North America,"Seattle Seahawks, Seattle Sounders FC,[83] Seattle Dragons","American football, association football"
Lincoln Financial Field,68532,Philadelphia,United States,North America,"Philadelphia Eagles, Temple Owls football",American football
Levi's Stadium,68500,"Santa Clara, California",United States,North America,San Francisco 49ers,American football
Heinz Field,68400,Pittsburgh,United States,North America,"Pittsburgh Steelers, Pittsburgh Panthers football",American football
Krestovsky Stadium,68134,Saint Petersburg,Russia,Europe,FC Zenit Saint Petersburg,Association football
Eden Gardens,80000,Kolkata,India,South Asia,"Indian national cricket team, Bengal cricket team, Kolkata Knight Riders*",Cricket
Metropolitano Stadium,67703,Madrid,Spain,Europe,Atlético Madrid,Association football
Stade Vélodrome,67344,Marseille,France,Europe,"Olympique de Marseille, RC Toulon*","Association football, rugby union"
Puskás Aréna,67215,Budapest,Hungary,Europe,Hungary national football team,Association football
Murrayfield Stadium,67144,Edinburgh,United Kingdom,Europe,Scotland national rugby union team*[86],Rugby union
Palaran Stadium,67075,Samarinda,Indonesia,Southeast Asia,,"Athletics, association football"
Morumbi Stadium,67052,São Paulo,Brazil,South America,São Paulo FC,Association football
King Fahd International Stadium,67000,Riyadh,Saudi Arabia,West Asia,"Al Nasr, Al-Hilal, Al Shabab",Association football
The Dome at America's Center,66965,St. Louis,United States,North America,St. Louis BattleHawks,American football
Yadegar-e Emam Stadium,66833,Tabriz,Iran,West Asia,Tractor Sazi F.C.,Association football
Seoul World Cup Stadium,66806,Seoul,South Korea,East Asia,"Korea Republic national football team, FC Seoul",Association football
U.S. Bank Stadium,66655,Minneapolis,United States,North America,Minnesota Vikings,American football
Daegu Stadium,66422,Daegu,South Korea,East Asia,Daegu FC,"Athletics, association football"
Lane Stadium,66233,"Blacksburg, Virginia",United States,North America,Virginia Tech Hokies football,American football
Signal Iduna Park,81365,Dortmund,Germany,Europe,Borussia Dortmund,Association football
London Stadium,66000,London,United Kingdom,Europe,"West Ham United F.C., British Athletics","Athletics, association football, cricket, rugby union, rugby league"
Gillette Stadium,65878,"Foxborough, Massachusetts",United States,North America,"New England Patriots, New England Revolution, UMass Minutemen football*","American football, association football"
Sun Devil Stadium,65870,"Tempe, Arizona",United States,North America,Arizona State Sun Devils football,American football
Raymond James Stadium,65847,"Tampa, Florida",United States,North America,"Tampa Bay Buccaneers, South Florida Bulls football, Tampa Bay Vipers",American football
Paul Brown Stadium,65535,Cincinnati,United States,North America,Cincinnati Bengals,American football
Camping World Stadium,65438,"Orlando, Florida",United States,North America,"Jones High School, Orlando, multiple college football bowl games",American football
Hard Rock Stadium,65326,"Miami Gardens, Florida",United States,North America,"Miami Dolphins, Miami Hurricanes football","American football, baseball"
Centenario Stadium,65045,Montevideo,Uruguay,South America,"Uruguay national football team, Club Nacional de Football, Club Atlético Peñarol and other local teams",Association football
Allegiant Stadium,65000,Las Vegas,United States,North America,"Las Vegas Raiders, UNLV Rebels football, hosts Las Vegas Bowl",American football
Mogadishu Stadium,65000,Mogadishu,Somalia,Africa,"Somalia national football team, Elman FC and other local teams",Association football
Basra International Stadium,65000,Basra,Iraq,West Asia,Iraq national football team,Association football
Foro Sol,65000,Mexico City,Mexico,North America,Autódromo Hermanos Rodriguez,Baseball
Kamuzu Stadium,65000,Blantyre,Malawi,Africa,Malawi national football team,Association football
Alamodome,65000,San Antonio,United States,North America,UTSA Roadrunners football,"American football, baseball"
Ford Field,65000,Detroit,United States,North America,Detroit Lions,American football
Stade Olympique de Radès,65000,Radès,Tunisia,Africa,Tunisia national football team,Association football
Jaber Al-Ahmad International Stadium,65000,Kuwait City,Kuwait,West Asia,Kuwait national football team,Association football
June 11 Stadium,65000,Tripoli,Libya,Africa,"Libya national football team, Al-Ahly, Al-Ittihad, Al Madina Tripoli",Association football
Estádio da Luz,64642,Lisbon,Portugal,Europe,Benfica,Association football
Vaught–Hemingway Stadium,64038,"Oxford, Mississippi",United States,North America,Ole Miss Rebels football,American football
Workers Stadium,64000,Beijing,China,East Asia,Beijing Guoan,Association football
Castelão,63903,Fortaleza,Brazil,South America,"Ceará, Fortaleza",Association football
LaVell Edwards Stadium,63725,"Provo, Utah",United States,North America,Brigham Young University Cougars football,American football
Saitama Stadium 2002,63700,Saitama,Japan,East Asia,Urawa Red Diamonds,Association football
State Farm Stadium,63400,"Glendale, Arizona",United States,North America,Arizona Cardinals,American football
California Memorial Stadium,63186,"Berkeley, California",United States,North America,California Golden Bears football,American football
Estadio Olímpico Universitario,63186,Mexico City,Mexico,North America,"Club Universidad Nacional, Pumas Dorados de la UNAM","Association football, American football"
Oakland–Alameda County Coliseum,63026,"Oakland, California",United States,North America,Oakland Athletics,Baseball
Lucas Oil Stadium,63000,Indianapolis,United States,North America,"Indianapolis Colts, Indy Eleven, occasional NCAA men's basketball events","American football, association football, basketball"
Kenan Memorial Stadium,62980,"Chapel Hill, North Carolina",United States,North America,North Carolina Tar Heels football,American football
Tottenham Hotspur Stadium,62850,London,United Kingdom,Europe,Tottenham Hotspur F.C.,Association football
Ellis Park Stadium,62567,Johannesburg,South Africa,Africa,"Golden Lions, Lions, Orlando Pirates F.C.","Rugby union, association football"
Ross–Ade Stadium,62500,"West Lafayette, Indiana",United States,North America,Purdue Boilermakers football,American football
Veltins-Arena,62271,Gelsenkirchen,Germany,Europe,FC Schalke 04,Association football
Mineirão Stadium,62170,Belo Horizonte,Brazil,South America,"Clube Atlético Mineiro, Cruzeiro Esporte Clube,",Association football
Yizhong Sports Center,62000,"Qingdao, Shandong",China,East Asia,Qingdao Jonoon*,Association football
Shanxi Sports Centre Stadium,62000,"Taiyuan, Shanxi",China,East Asia,,"Association football, athletics"
Jack Trice Stadium,61500,"Ames, Iowa",United States,North America,Iowa State Cyclones football,American football
Scott Stadium,61500,"Charlottesville, Virginia",United States,North America,Virginia Cavaliers football,American football
Soldier Field,61500,Chicago,United States,North America,Chicago Bears,American football
Yale Bowl,61446,"New Haven, Connecticut",United States,North America,Yale Bulldogs football,American football
Davis Wade Stadium,61337,"Starkville, Mississippi",United States,North America,Mississippi State Bulldogs football,American football
Optus Stadium,61266,Perth,Australia,Oceania,"Fremantle FC, West Coast Eagles, Australia Wallabies*, Perth Scorchers, Australia national cricket team*","Australian rules football, rugby union, cricket"
Dalian Sports Center Stadium,61000,"Dalian, Liaoning",China,East Asia,Dalian Professional F.C.,"Association football, athletics"
Cardinal Stadium,61000,"Louisville, Kentucky",United States,North America,Louisville Cardinals football,American football
Kroger Field,61000,"Lexington, Kentucky",United States,North America,Kentucky Wildcats football,American football
Benito Villamarín,60721,Seville,Spain,Europe,Real Betis,Association football
Memorial Stadium,60670,"Champaign, Illinois",United States,North America,Illinois Fighting Illini football,American football
Mercedes-Benz Arena,60649,Stuttgart,Germany,Europe,VfB Stuttgart,Association football
Grêmio Arena,60540,Porto Alegre,Brazil,South America,Grêmio,Association football
Mississippi Veterans Memorial Stadium,60492,"Jackson, Mississippi",United States,North America,Jackson State Tigers,American football
Jones AT&T Stadium,60454,"Lubbock, Texas",United States,North America,Texas Tech Red Raiders football,American football
Celtic Park,60411,Glasgow,United Kingdom,Europe,Celtic,Association football
Emirates Stadium,60338,London,United Kingdom,Europe,Arsenal,Association football
Shenzhen Universiade Sports Centre,60334,Shenzhen,China,East Asia,,Athletics
Stadio San Paolo,60240,Naples,Italy,Europe,Napoli,Association football
Boone Pickens Stadium,60218,"Stillwater, Oklahoma",United States,North America,Oklahoma State Cowboys football,American football
Estádio do Arruda,60044,Recife,Brazil,South America,Santa Cruz Futebol Clube,Association football
"Jawaharlal Nehru Stadium, Delhi",60000,Delhi,India,South Asia,India national football team*,"Association football, athletics,cricket"
King Abdullah Sports City,60000,Jeddah,Saudi Arabia,West Asia,Saudi national football team*,Association football
Estadio Libertadores de América,60000,Avellaneda,Argentina,South America,Club Atlético Independiente,Association football
Dr. Bhupen Hazarika Cricket Stadium,60000,Guwahati,India,South Asia,"Assam Cricket Association, India national cricket team",Cricket
Estadio Monumental Virgen de Chapi,60000,Arequipa,Peru,South America,"FBC Melgar, Club IDUNSA",Association football
Mountaineer Field at Milan Puskar Stadium,60000,"Morgantown, West Virginia",United States,North America,West Virginia Mountaineers football,American football
National Heroes Stadium,60000,Lusaka,Zambia,Africa,Zambia national football team,Association football
Abuja Stadium,60000,Abuja,Nigeria,Africa,Nigeria national football team,Association football
Lake Tanganyika Stadium,60000,Kigoma,Tanzania,Africa,Reli FC*,Association football
Benjamin Mkapa National Stadium,60000,Dar es Salaam,Tanzania,Africa,Tanzania national football team,Association football
Shenyang Olympic Sports Center Stadium,60000,"Shenyang, Liaoning",China,East Asia,,"Association football, athletics"
Stade Leopold Senghor,60000,Dakar,Senegal,Africa,"Senegal national football team, ASC Jeanne d'Arc",Association football
Moi International Sports Centre,60000,Nairobi,Kenya,Africa,Kenya national football team,Association football
Nanjing Olympic Sports Center,60000,"Nanjing, Jiangsu",China,East Asia,Jiangsu Sainty F.C.,"Association football, athletics"
National Sports Stadium,60000,Harare,Zimbabwe,Africa,Zimbabwe national football team,"Association football, athletics"
Odi Stadium,60000,Mabopane,South Africa,Africa,Garankuwa United,Association football
Tianhe Stadium,60000,"Guangzhou, Guangdong",China,East Asia,Guangzhou Evergrande F.C.,Association football
Tianjin Olympic Centre Stadium,60000,Tianjin,China,East Asia,Tianjin Teda F.C.,Association football
Ordos Sports Centre Stadium,60000,Ordos,China,East Asia,,Athletics
Wuhan Sports Center Stadium,60000,"Wuhan, Hubei",China,East Asia,Wuhan Zall F.C.,Association football
Hohhot City Stadium,60000,"Hohhot, Inner Mongolia",China,East Asia,local football teams,Association football
Jinan Olympic Sports Center Stadium,60000,"Jinan, Shandong",China,East Asia,Shandong Luneng Taishan F.C.,"Association football, athletics"
Hefei Olympic Sports Center Stadium,60000,"Hefei, Anhui",China,East Asia,local football teams,"Association football, athletics"
Harbin Sports City Center Stadium,60000,"Harbin, Heilongjiang",China,East Asia,local football teams,"Association football, athletics"
Guangxi Sports Center Stadium,60000,"Nanning, Guangxi",China,East Asia,local football teams,"Association football, athletics"
Haixia Olympic Center Stadium,59562,Fuzhou,China,East Asia,,Athletics
Liberty Bowl Memorial Stadium,59308,"Memphis, Tennessee",United States,North America,Memphis Tigers football,American football
Estadio Monumental Isidro Romero Carbo,59283,Guayaquil,Ecuador,South America,Barcelona Sporting Club,Association football
Parc Olympique Lyonnais,59186,Décines-Charpieu,France,Europe,Olympique Lyonnais,Association football
Chongqing Olympic Sports Center,58680,Chongqing,China,East Asia,Chongqing F.C.,Association football
PGE Stadion Narodowy,58580,Warsaw,Poland,Europe,Poland national football team,Association football
Cape Town Stadium,58309,Cape Town,RSA,Africa,Ajax Cape Town,Association football
Stadio San Nicola,58248,Bari,Italy,Europe,A.S. Bari,Association football
Arizona Stadium,57803,"Tucson, Arizona",United States,North America,Arizona Wildcats football,American football
Estadio de La Cartuja,57619,Seville,Spain,Europe,Spain national football team*,Association football
Carter–Finley Stadium,57583,"Raleigh, North Carolina",United States,North America,NC State Wolfpack football,American football
Volksparkstadion,57030,Hamburg,Germany,Europe,Hamburger SV,Association football
Estadio Mario Alberto Kempes,57000,Córdoba,Argentina,South America,,Association football
Shanghai Stadium,56842,Shanghai,China,East Asia,Shanghai SIPG F.C.,Association football
Estadio Jalisco,56713,Guadalajara,Mexico,North America,"Club Atlas, Leones Negros de la Universidad de Guadalajara, Club Deportivo Oro",Association football
Marvel Stadium,56347,Melbourne,Australia,Oceania,"Western Bulldogs, St Kilda FC, Carlton FC, Essendon FC, North Melbourne FC, Melbourne Renegades","Australian rules football, cricket, association football"
Commonwealth Stadium,56302,Edmonton,Canada,North America,"Edmonton Eskimos, FC Edmonton*","Canadian football, association football, rugby union, athletics"
Olympic Stadium,56040,Montreal,Canada,North America,"Montreal Alouettes*,[116] CF Montréal*[117]","Canadian football, baseball, association football"
Estádio Beira-Rio,56000,Porto Alegre,Brazil,South America,Sport Club Internacional,Association football
Stadium Puskás Ferenc,56000,Budapest,Hungary,Europe,Hungary national football team,Association football
Dodger Stadium,56000,Los Angeles,United States,North America,Los Angeles Dodgers,Baseball
Strahov Stadium,56000,Prague,Czech Republic,Europe,AC Sparta Praha*,Association football
Estadi Olímpic Lluís Companys,55926,Barcelona,Spain,Europe,,Athletics
Arena Națională,55634,Bucharest,Romania,Europe,Romania national football team,Association football
Municipal Corporation Stadium,55575,Kozhikode,India,South Asia,Viva Kerala,"Association football, cricket"
Stadion Crvena Zvezda,55538,Belgrade,Serbia,Europe,Red Star Belgrade,Association football
Estadio La Casa Blanca,55400,Quito,Ecuador,South America,Liga Deportiva Universitaria,Association football
Silesian Stadium,55211,Chorzów,Poland,Europe,"Poland national football team, Ruch Chorzów","Association football, speedway, athletics"
Etihad Stadium,55097,Manchester,United Kingdom,Europe,Manchester City F.C.,Association football
Gelora Bung Tomo Stadium,55000,Surabaya,Indonesia,Southeast Asia,Persebaya Surabaya,"Association football, athletics"
DY Patil Stadium,55000,Navi Mumbai,India,South Asia,Mumbai Indians*,Cricket
Greenfield International Stadium,55000,Thiruvananthapuram,India,South Asia,"India national cricket team, Kerala cricket team",Cricket and Association football[120]
Singapore National Stadium,55000,Singapore,Singapore,Southeast Asia,Singapore national football team,"Association football, rugby, cricket, athletics"
"Rajiv Gandhi International Cricket Stadium, Hyderabad",55000,Hyderabad,India,South Asia,"Hyderabad cricket team, Sunrisers Hyderabad",Cricket
Bobby Dodd Stadium,55000,Atlanta,United States,North America,Georgia Tech Yellow Jackets football,American football
Estadio Latinoamericano,55000,Havana,Cuba,South America,"Industriales, Metropolitanos",Baseball
Helong Stadium,55000,"Changsha, Hunan",China,East Asia,Hunan Billows F.C. (Hunan Xiangtao),Association football
Arun Jaitley Stadium,55000,Delhi,India,South Asia,"Delhi cricket team, Delhi Capitals",Cricket
Semple Stadium,55000,Thurles,Ireland,Europe,Tipperary GAA,"Hurling, Gaelic football"
National Stadium,55000,Kaohsiung,Taiwan,East Asia,,Association football
MCA Pune International Cricket Centre,55000,Pune,India,South Asia,Maharashtra Cricket Association,Cricket
Plovdiv Stadium,55000,Plovdiv,Bulgaria,Europe,junior football teams,"Association football, athletics"
Johan Cruyff Arena,54990,Amsterdam,Netherlands,Europe,Ajax Amsterdam,Association football
Esprit Arena,54600,Düsseldorf,Germany,Europe,Fortuna Düsseldorf,Association football
Boris Paichadze Stadium,54549,Tbilisi,Georgia,West Asia,"FC Dinamo Tbilisi, Georgia national football team, Georgia national rugby union team","Association football, rugby union"
Friends Arena,54329,Solna,Sweden,Europe,"AIK, Sweden national football team",Association football
BC Place,54320,Vancouver,Canada,North America,"BC Lions, Vancouver Whitecaps FC","Canadian football, association football"
Yankee Stadium,54251,New York City,United States,North America,"New York Yankees, New York City FC","Baseball, association football"
Hrazdan Stadium,54208,Yerevan,Armenia,West Asia,Armenia national football team,Association football
War Memorial Stadium,54120,"Little Rock, Arkansas",United States,North America,Arkansas Razorbacks football*[56],American football
Anfield,54074,Liverpool,United Kingdom,Europe,Liverpool F.C.,Association football
Borussia-Park,54067,Mönchengladbach,Germany,Europe,Borussia Mönchengladbach,Association football
Rogers Centre,54000,Toronto,Canada,North America,Toronto Blue Jays,Baseball
Moses Mabhida Stadium,54000,Durban,South Africa,Africa,,Association football
Autzen Stadium,54000,"Eugene, Oregon",United States,North America,Oregon Ducks football,American football
M. A. Chidambaram Stadium,54000,Chennai,India,South Asia,"Tamil Nadu cricket team, Chennai Super Kings",Cricket
Busan Asiad Stadium,53864,Busan,South Korea,East Asia,Busan IPark,Association football
Folsom Field,53750,"Boulder, Colorado",United States,North America,Colorado Buffaloes football,American football
Estadio Ciudad de La Plata,53600,La Plata,Argentina,South America,"Club de Gimnasia y Esgrima La Plata, Estudiantes de La Plata",Association football
Adelaide Oval,53583,Adelaide,Australia,Oceania,"Australia national cricket team*, Southern Redbacks, Adelaide Strikers, Adelaide Crows, Port Adelaide Power","Cricket, Australian rules football"
Estadio BBVA Bancomer,53500,Monterrey,Mexico,North America,C.F. Monterrey,Association football
Estadio Cuscatlán,53400,San Salvador,El Salvador,North America,"Alianza F.C., El Salvador national football team",Association football
Estádio Parque do Sabiá,53350,Uberlândia,Brazil,South America,Uberlândia Esporte Clube,Association football
San Mamés,53332,Bilbao,Spain,Europe,Athletic Bilbao,Association football
Aleppo International Stadium,53200,Aleppo,Syria,West Asia,Al-Ittihad,Association football
Ernst Happel Stadion,53008,Vienna,Austria,Europe,"Austria national football team, FK Austria Wien*, SK Rapid Wien*",Association football
Memorial Stadium,52692,"Bloomington, Indiana",United States,North America,Indiana Hoosiers football,American football
Türk Telekom Stadium,52652,Istanbul,Turkey,West Asia,Galatasaray S.K.,Association football
Franklin Field,52593,Philadelphia,United States,North America,Penn Quakers football,"American football, athletics"
Şükrü Saracoğlu Stadium,52530,Istanbul,Turkey,West Asia,Fenerbahçe S.K.,Association football
Donbass Arena,52518,Donetsk,Ukraine,Europe,Shaktar Donetsk,Association football
Lang Park,52500,Brisbane,Australia,Oceania,"Queensland Maroons, Brisbane Broncos, Queensland Reds, Brisbane Roar FC, Australia Kangaroos*, Australia Wallabies*, Australia Socceroos*","Rugby league, rugby union, association football"
Falcon Stadium,52480,"Colorado Springs, Colorado",United States,North America,Air Force Falcons football,American football
Estadio Mestalla,52469,Valencia,Spain,Europe,Valencia CF,Association football
High Point Solutions Stadium,52454,"Piscataway, New Jersey",United States,North America,Rutgers Scarlet Knights football,"American football, association football, lacrosse"
St James' Park,52387,Newcastle upon Tyne,United Kingdom,Europe,Newcastle United F.C.,Association football
Bill Snyder Family Football Stadium,52200,"Manhattan, Kansas",United States,North America,Kansas State Wildcats football,American football
Huainan Sports Stadium,52080,"Huainan, Anhui",China,East Asia,local football teams,Association football
Jonsson Kings Park Stadium,52000,Durban,South Africa,Africa,"Sharks, Sharks (Currie Cup), Golden Arrows, AmaZulu","Rugby union, association football"
Estádio do Dragão,52000,Porto,Portugal,Europe,FC Porto,Association football
Stade Moulay Abdellah,52000,Rabat,Morocco,Africa,FAR Rabat,Association football
Estadio Monumental de Maturín,52000,Maturín,Venezuela,South America,Monagas Sport Club,Association football
Stade Omnisports,52000,Yaoundé,Cameroon,Africa,"Tonnerre Yaoundé, Cameroon national football team",Association football
Guiyang Olympic Sports Center,52000,"Guiyang, Guizhou",China,East Asia,Guizhou Renhe F.C.,Association football
Hampden Park,51866,Glasgow,United Kingdom,Europe,"Scotland national football team, Queen's Park F.C.",Association football
Maryland Stadium,51802,"College Park, Maryland",United States,North America,Maryland Terrapins football,"American football, lacrosse"
Loftus Versfeld Stadium,51762,Pretoria,South Africa,Africa,"Bulls, Blue Bulls, South Africa national rugby union team*, Supersport United FC*","Rugby union, cricket, association football"
Aviva Stadium,51700,Dublin,Ireland,Europe,"Ireland national rugby union team, Republic of Ireland national football team","Rugby union, association football"
De Kuip (officially: Stadion Feijenoord),51577,Rotterdam,Netherlands,Europe,Feyenoord,Association football
Commerzbank-Arena,51500,Frankfurt,Germany,Europe,Eintracht Frankfurt,Association football
Kumasi Sports Stadium,51500,Kumasi,Ghana,Africa,"Asante Kotoko, King Faisal Babes",Association football
Sun Bowl Stadium,51500,"El Paso, Texas",United States,North America,UTEP Miners football,American football
Estadio Juan Domingo Perón,51389,Avellaneda,Argentina,South America,Racing Club de Avellaneda,Association football
Shizuoka Stadium,51349,Fukuroi,Japan,East Asia,"Júbilo Iwata*, Shimizu S-Pulse*",Association football
İzmir Atatürk Stadyumu,51295,Izmir,Turkey,West Asia,"Altay S.K.*, Göztepe SK,.*",Association football
Huanglong Stadium,51139,"Hangzhou, Zhejiang",China,East Asia,Hangzhou Greentown F.C.,Association football
Newlands Stadium,51100,Cape Town,South Africa,Africa,"Stormers, Western Province, South Africa national rugby union team*, Santos F.C.","Rugby union, association football"
Shaanxi Province Stadium,51000,"Xi'an, Shaanxi",China,East Asia,local football team,Association football
Dowdy–Ficklen Stadium,51000,"Greenville, North Carolina",United States,North America,East Carolina University Pirates football,American football
Independence Stadium,50832,"Shreveport, Louisiana",United States,North America,Independence Bowl,American football
Ibrox Stadium,50817,Glasgow,United Kingdom,Europe,Rangers F.C.,Association Football
TCF Bank Stadium,50805,Minneapolis,United States,North America,Minnesota Golden Gophers football,American football
Estádio José Alvalade,50466,Lisbon,Portugal,Europe,Sporting Clube de Portugal,Association football
Coors Field,50445,"Denver, Colorado",United States,North America,Colorado Rockies,Baseball
Incheon Munhak Stadium,50256,Incheon,South Korea,East Asia,Incheon Korail,Association football
Stade Pierre-Mauroy,50186,Villeneuve d'Ascq,France,Europe,Lille OSC,Association football
King Baudouin Stadium,50122,Brussels,Belgium,Europe,Belgium national football team,"Association football, athletics"
Ajinomoto Stadium,50100,Chofu,Japan,East Asia,"F.C. Tokyo, Tokyo Verdy",Association football
David Booth Kansas Memorial Stadium,50071,"Lawrence, Kansas",United States,North America,Kansas Jayhawks football,American football
Arena Fonte Nova,50000,Salvador,Brazil,South America,,Association football
Stade 19 Mai 1956,50000,Annaba,Algeria,Africa,USM Annaba,Association football
Za Lužánkami,50000,Brno,Czech Republic,Europe,Brno,Association football
JSCA International Cricket Stadium,50000,Ranchi,India,South Asia,"India national cricket team, Jharkhand cricket team",Cricket
Ekana International Cricket Stadium,50000,Lucknow,India,South Asia,Lucknow,Cricket
Kim Il-sung Stadium,50000,Pyongyang,North Korea,East Asia,Pyongyang City Sports Group,Association football
Aloha Stadium,50000,"Honolulu, Hawaii",United States,North America,Hawaiʻi Warriors football,"American football, baseball"
Charles Mopeli Stadium,50000,Phuthaditjhaba,South Africa,Africa,Free State Stars*,Association football
Eden Park,50000,Auckland,New Zealand,Oceania,"Auckland Blues, New Zealand national rugby union team*, Auckland Aces*, New Zealand national cricket team*","Rugby union, cricket"
Hiroshima Big Arch,50000,Hiroshima,Japan,East Asia,Sanfrecce Hiroshima,Association football
Jilin People's Stadium,50000,"Jilin City, Jilin",China,East Asia,local football teams,Association football
Khalifa International Stadium,50000,Doha,Qatar,West Asia,Qatar national football team,Association football
Nagai Stadium,50000,Osaka,Japan,East Asia,Cerezo Osaka,"Association football, athletics"
Phnom Pehn National Olympic Stadium,70000,Phnom Penh,Cambodia,Southeast Asia,Khemara,Association football
Stade 26 mars,50000,Bamako,Mali,Africa,Stade Malien,Association football
Stanford Stadium,50000,"Stanford, California",United States,North America,Stanford Cardinal football,American football
Sultan Mizan Zainal Abidin Stadium,50000,Kuala Terengganu,Malaysia,Southeast Asia,Terengganu FA*,"Association football, athletics"
Pars Stadium,50000,Shiraz,Iran,West Asia,,Association football
Henan Provincial Stadium,50000,"Zhengzhou, Henan",China,East Asia,local football teams,Association football
Xinjiang Sports Centre,50000,"Ürümqi, Xinjiang",China,East Asia,local football teams,Association football
Yanji People's Stadium,50000,"Yanji, Jilin",China,East Asia,local football teams,Association football
Estádio 11 de Novembro,50000,Luanda,Angola,Africa,,Association football
Red Bull Arena,50000,Leipzig,Germany,Europe,RB Leipzig,Association football
Guangzhou University City Stadium,50000,"Guangzhou, Guangdong",China,East Asia,local football teams,Association football
Jiangxi Olympic Sports Center,50000,"Nanchang, Jiangxi",China,East Asia,local football teams,"Association football, athletics"
Shaheed Veer Narayan Singh International Cricket Stadium,50000,Raipur,India,South Asia,local teams,Cricket
RheinEnergieStadion,49968,Cologne,Germany,Europe,1. FC Köln,Association football
Gaelic Grounds,49866,Limerick,Ireland,Europe,Limerick GAA,"Hurling, Gaelic football"
Estadio Omnilife,49850,Zapopan,Mexico,North America,Club Deportivo Guadalajara,Association football
Fritz-Walter-Stadion,49780,Kaiserslautern,Germany,Europe,1. FC Kaiserslautern,Association football
Rajamangala Stadium,49722,Bangkok,Thailand,Southeast Asia,Thailand national football team,Association football
José Amalfitani Stadium,49540,Buenos Aires,Argentina,South America,"Club Atlético Vélez Sarsfield, Argentina national rugby union team*, Jaguares","Association football, rugby union"
Camille Chamoun Sports City Stadium,49500,Beirut,Lebanon,West Asia,Lebanon national football team,Association football
Ryan Field,49256,"Evanston, Illinois",United States,North America,Northwestern Wildcats football,American football
Carrier Dome,49250,"Syracuse, New York",United States,North America,"Syracuse Orange football, Syracuse Orange men's basketball, Syracuse Orange men's lacrosse, Syracuse Orange women's basketball","American football, basketball, lacrosse"
Miyagi Stadium,49133,Rifu,Japan,East Asia,Vegalta Sendai*,"Association football, athletics"
Globe Life Park in Arlington,49115,"Arlington, Texas",United States,North America,"Dallas Renegades, North Texas SC","American football, association football"
Chase Field,49033,"Phoenix, Arizona",United States,North America,Arizona Diamondbacks,Baseball
AWD-Arena,49000,Hanover,Germany,Europe,Hannover 96,Association football
Stadium of Light,49000,Sunderland,United Kingdom,Europe,Sunderland A.F.C.,Association football
Estadio Alberto J. Armando (La Bombonera),49000,Buenos Aires,Argentina,South America,Club Atlético Boca Juniors,Association football
Queensland Sport and Athletics Centre,49000,Brisbane,Australia,Oceania,,"Rugby league, Athletics"
Oriole Park at Camden Yards,48876,Baltimore,United States,North America,Baltimore Orioles,Baseball
Jinnah Sports Stadium,48800,Islamabad,Pakistan,South Asia,Pakistan national football team*,"Association football, cricket, hockey"
Parc des Princes,48712,Paris,France,Europe,Paris Saint-Germain,Association football
Frankenstadion,48548,Nuremberg,Germany,Europe,1. FC Nürnberg,Association football
Nelson Mandela Bay Stadium,48459,Port Elizabeth,South Africa,Africa,"Southern Kings, Eastern Province Elephants","Rugby union, association football"
Estadio Tomás Adolfo Ducó,48314,Buenos Aires,Argentina,South America,Club Atlético Huracán,Association football
T-Mobile Park,48116,Seattle,United States,North America,Seattle Mariners,Baseball
Harbin ICE Sports Center,48000,Harbin,China,East Asia,,Athletics
Sydney Cricket Ground,48000,Sydney,Australia,Oceania,"Australia national cricket team*, Sydney Roosters, New South Wales Blues (cricket), Sydney 6ers, Sydney Swans, Sydney FC","Cricket, Australian rules football, rugby league, Association football"
Estadio Malvinas Argentinas,48000,Mendoza,Argentina,South America,Ciudad de Mendoza,Association football
Koshien Stadium,47757,Nishinomiya,Japan,East Asia,Hanshin Tigers,Baseball
Fisht Olympic Stadium,47659,Sochi,Russia,Europe,PFC Sochi,"Association football, athletics"
Estadio Monumental David Arellano,47017,Santiago,Chile,South America,Colo-Colo,Association football
Estadio Nacional Julio Martínez Prádanos,47000,Santiago,Chile,South America,"Chile national football team, Universidad de Chile*","Association football, athletics"
Rice Stadium,47000,Houston,United States,North America,Rice Owls football,American football
Tokyo Dome,47000,Tokyo,Japan,East Asia,Yomiuri Giants,Baseball
Estádio Olímpico Nilton Santos,46931,Rio de Janeiro,Brazil,South America,Botafogo,"Association football, athletics"
Busch Stadium,46861,St. Louis,United States,North America,St. Louis Cardinals,Baseball
Estadio Metropolitano,46788,Barranquilla,Colombia,South America,"Colombia national football team, Atlético Junior",Association football
Estadio El Campín,46018,Bogotá,Colombia,South America,"Millonarios, Independiente Santa Fe",Association football
ACA-VDCA Stadium,46000,Visakhapatnam,India,South Asia,"Andhra cricket team, Sunrisers Hyderabad*",Cricket
Itaipava Arena Pernambuco,46000,São Lourenço da Mata,Brazil,South America,Clube Náutico Capibaribe,Association football
Estádio Olímpico Monumental,46000,Porto Alegre,Brazil,South America,,Association football
Peter Mokaba Stadium,46000,Polokwane,South Africa,Africa,,Association football
Estádio Paulo Constantino,45954,Presidente Prudente,Brazil,South America,,Association football
Rice-Eccles Stadium,45634,Salt Lake City,United States,North America,Utah Utes football,American football
Estadio Olímpico Pascual Guerrero,45625,Cali,Colombia,South America,América de Cali,Association football
Estadio Nacional,45574,Lima,Peru,South America,Peru national football team,Association football
Volgograd Arena,45568,Volgograd,Russia,Europe,FC Rotor Volgograd,Association football
Páirc Uí Chaoimh,45500,Cork,Ireland,Europe,Cork GAA,"Hurling, Gaelic football"
Estádio Ilha do Retiro,45500,Recife,Brazil,South America,Sport Club do Recife,Association football
Estadio Ramón Sánchez Pizjuán,45500,Seville,Spain,Europe,Sevilla FC,Association football
Stade Adrar,45480,Agadir,Morocco,Africa,Hassania Agadir,Association football
Robert F. Kennedy Memorial Stadium,45423,"Washington, D.C.",United States,North America,,"Association football, American football, baseball"
Otkrytie Arena,45360,Moscow,Russia,Europe,FC Spartak Moscow,Association football
Mandela National Stadium,45202,Kampala,Uganda,Africa,Uganda national football team,Association football
McLane Stadium,45140,"Waco, Texas",United States,North America,Baylor Bears football,American football
Wrocław Municipal Stadium,45105,Wrocław,Poland,Europe,Śląsk Wrocław,Association football
Kazan Arena,45105,Kazan,Russia,Europe,FC Rubin Kazan,"Association football, athletics"
Estadio Garcilaso,45056,Cusco,Peru,South America,Cienciano del Cuzco,Association football
Angel Stadium of Anaheim,45050,"Anaheim, California",United States,North America,Los Angeles Angels,Baseball
Estádio Olímpico do Pará,45007,Belém,Brazil,South America,"Paysandu Sport Club*, Clube do Remo*",Association football
Ashgabat Olympic Stadium,45000,Ashgabat,Turkmenistan,Central Asia,Turkmenistan national football team,Association football
Harapan Bangsa Stadium,45000,Banda Aceh,Indonesia,Southeast Asia,Persiraja Banda Aceh,Association football
"National Hockey Stadium, Lahore",45000,Lahore,Pakistan,South Asia,Pakistan national field hockey team,Hockey
Arena Corinthians,45000,São Paulo,Brazil,South America,Sport Club Corinthians Paulista,Association football
Estadio Rommel Fernández,45000,Panama City,Panama,South America,Federación Panameňa de Fútbol (FEPAFUT),"Association football, athletics"
Bangabandhu National Stadium,45000,Dhaka,Bangladesh,South Asia,"Bangladesh national football team, Bangladesh League","Association football, athletics"
Barabati Stadium,45000,Cuttack,India,South Asia,Orissa Cricket Association,Cricket
Vidarbha Cricket Association Stadium Jamtha,45000,Nagpur,India,South Asia,Vidarbha cricket team,Cricket
Abbasiyyin Stadium,45000,Damascus,Syria,West Asia,"Al-Jaish, Al-Wahda, Al Majd",Association football
Allianz Parque,45000,São Paulo,Brazil,South America,Sociedade Esportiva Palmeiras,Association football
Kobe Universiade Memorial Stadium,45000,Kobe,Japan,East Asia,Vissel Kobe*,Association football
Qingdao Guoxin Stadium,45000,Qingdao,China,East Asia,,Association football
Captain Roop Singh Stadium,45000,Gwalior,India,South Asia,Madhya Pradesh Cricket Association,Cricket
Estádio da Machava,45000,Maputo,Mozambique,Africa,Mozambique national football team,Association football
Estádio Universitário Pedro Pedrossian,45000,Campo Grande,Brazil,South America,Universidade Federal de Mato Grosso do Sul,Association football
Fatorda Stadium,45000,Margao,India,South Asia,"Dempo SC, Salgaocar SC Goa, Sporting Clube de Goa",Association football
Fez Stadium,45000,Fes,Morocco,Africa,Maghreb Fez,Association football
Free State Stadium,45000,Bloemfontein,South Africa,Africa,"Free State Cheetahs, Cheetahs, Bloemfontein Celtic",Rugby union
Green Park Stadium,45000,Kanpur,India,South Asia,Uttar Pradesh cricket team,Cricket
Rostov Arena,45000,Rostov-on-Don,Russia,Europe,FC Rostov,Association football
Stade El Menzah,45000,Tunis,Tunisia,Africa,"Club Africain, Espérance",Association football
Toyota Stadium,45000,Toyota,Japan,East Asia,Nagoya Grampus*,Association football
Citi Field,45000,New York City,United States,North America,New York Mets,Baseball
Yantai Sports Park Stadium,45000,"Yantai, Shandong",China,East Asia,local football teams,Association football
Panathenaic Stadium,45000,Athens,Greece,Europe,,Athletics
Stade de Marrakech,45000,Marrakech,Morocco,Africa,Kawkab Marrakech,Association football
Stade Omar Bongo,45000,Libreville,Gabon,Africa,FC 105 Libreville,Association football
National Stadium,45000,Lagos,Nigeria,Africa,Nigeria national football team*,Association football
Grand Stade de Tanger,45000,Tangier,Morocco,Africa,IR Tanger,Association football
Zibo Sports Center Stadium,45000,"Zibo, Shandong",China,East Asia,local football teams,Association football
Weifang Sports Center Stadium,45000,"Weifang, Shandong",China,East Asia,local football teams,Association football
Orlando Stadium,45000,Johannesburg,South Africa,Africa,"Orlando Pirates, Kaiser Chiefs, Moroka Swallows",Association football
Zayed Sports City Stadium,45000,Abu Dhabi,United Arab Emirates,West Asia,UAE President Cup finals,Association football
Wankhede Stadium,45000,Mumbai,India,South Asia,"Mumbai cricket team, Mumbai Indians, Indian national cricket team*",Cricket
Kanchenjunga Stadium,45000,Siliguri,India,South Asia,local football teams,Association football
Latakia Sports City Stadium,45000,Latakia,Syria,West Asia,,Association football
Samara Arena,44918,Samara,Russia,Europe,PFC Krylia Sovetov Samara,Association football
Nizhny Novgorod Stadium,44899,Nizhny Novgorod,Russia,Europe,FC Nizhny Novgorod,Association football
Alumni Stadium,44500,"Chestnut Hill, Massachusetts",United States,North America,Boston College Eagles football,American football
Arena Amazonia,44500,Manaus,Brazil,South America,"América Futebol Clube, Nacional Futebol Clube, Atlético Rio Negro Clube",Association football
Cần Thơ Stadium,44400,Cần Thơ,Vietnam,Southeast Asia,local football teams,"Association football, athletics"
Bounce House,44206,"Orlando, Florida",United States,North America,UCF Knights football,American football
Estádio Governador Alberto Tavares Silva,44200,Teresina,Brazil,South America,Esporte Clube Flamengo*,Association football
Gwangju World Cup Stadium,44118,Gwangju,South Korea,East Asia,Gwangju FC,Association football
Ulsan Munsu Football Stadium,44102,Ulsan,South Korea,East Asia,Ulsan Hyundai,Association football
Amon G. Carter Stadium,44008,"Fort Worth, Texas",United States,North America,TCU Horned Frogs football,American football
Levy Mwanawasa Stadium,44000,Ndola,Zambia,Africa,Zambia national football team,Association football
Suwon World Cup Stadium,43959,Suwon,South Korea,East Asia,Suwon Samsung Bluewings,Association football
Riau Main Stadium,43923,Pekanbaru,Indonesia,Southeast Asia,,Association football
Shandong Provincial Stadium,43700,"Jinan, Shandong",China,East Asia,local football teams,Association football
Vasil Levski National Stadium,43632,Sofia,Bulgaria,Europe,Bulgaria national football team,Association football
PGE Arena Gdańsk,43615,Gdańsk,Poland,Europe,Lechia Gdańsk,Association football
Citizens Bank Park,43500,Philadelphia,United States,North America,Philadelphia Phillies,Baseball
Mbombela Stadium,43500,Nelspruit,South Africa,Africa,,Association football
El Nuevo Gasómetro,43494,Buenos Aires,Argentina,South America,Club Atlético San Lorenzo de Almagro,Association football
Jeonju World Cup Stadium,43348,Jeonju,South Korea,East Asia,Jeonbuk Hyundai Motors,Association football
Progressive Field,43345,"Cleveland, Ohio",United States,North America,Cleveland Indians,Baseball
Poznań Municipal Stadium,43269,Poznań,Poland,Europe,Lech Poznań,Association football
Ōita Bank Dome,43254,Ōita,Japan,East Asia,Ōita Trinita,Association football
Reser Stadium,43154,"Corvallis, Oregon",United States,North America,Oregon State Beavers football,American football
Stadio Artemio Franchi,43147,Florence,Italy,Europe,ACF Fiorentina,Association football
Saifai International Cricket Stadium,43000,Saifai,India,South Asia,Uttar Pradesh cricket team,Cricket
Estadio Universidad San Marcos,43000,Lima,Peru,South America,Universidad San Marcos,Association football
Fitzgerald Stadium (Staidiam Mhic Gearailt),43000,Killarney,Ireland,Europe,Kerry GAA,"Gaelic football, hurling"
Arena Pantanal,43000,Cuiabá,Brazil,South America,"Clube Esportivo Dom Bosco, Mixto Esporte Clube",Association football
Ullevi,43000,Gothenburg,Sweden,Europe,,"Association football, athletics"
Arena das Dunas,43000,Natal,Brazil,South America,Federação Norte-rio-grandense de Futebol,Association football
Sapporo Dome,42831,Sapporo,Japan,East Asia,"Consadole Sapporo, Hokkaido Nippon-Ham Fighters","Association football, baseball"
Villa Park,42788,Birmingham,United Kingdom,Europe,Aston Villa F.C.,Association football
Zhuzhou Stadium,42740,"Zhuzhou, Hunan",China,East Asia,local football teams,Association football
Estadio Cuauhtémoc,42648,Puebla,Mexico,North America,Puebla F.C.,Association football
Estadio Metropolitano de Mérida,42500,Mérida,Venezuela,South America,Estudiantes de Mérida FC,Association football
St. Jakob-Park,42500,Basel,Switzerland,Europe,FC Basel,Association football
Perak Stadium,42500,Ipoh,Malaysia,Southeast Asia,Perak FA,Association football
Weserstadion,42500,Bremen,Germany,Europe,Werder Bremen,Association football
Kanjuruhan Stadium,42449,Malang,Indonesia,Southeast Asia,Arema FC,Association football
Petco Park,42445,San Diego,United States,North America,San Diego Padres,Baseball
Tohoku Electric Power Big Swan Stadium,42300,Niigata,Japan,East Asia,Albirex Niigata,Association football
Jeju World Cup Stadium,42256,Seogwipo,South Korea,East Asia,Jeju United FC,Association football
American Family Field,42200,Milwaukee,United States,North America,Milwaukee Brewers,Baseball
Nouveau Stade de Bordeaux,42115,Bordeaux,France,Europe,"FC Girondins de Bordeaux, Union Bordeaux Bègles*","Association football, rugby union"
Great American Ball Park,42059,Cincinnati,United States,North America,Cincinnati Reds,Baseball
Stamford Bridge,42055,London,United Kingdom,Europe,Chelsea F.C.,Association football
Estádio do Zimpeto,42055,Maputo,Mozambique,Africa,,"Association football, athletics"
The Gabba,42000,Brisbane,Australia,Oceania,"Australia national cricket team*, Queensland Bulls, Brisbane Heat, Brisbane Lions","Cricket, Australian rules football"
McHale Park (Páirc Mhic Éil),42000,Castlebar,Ireland,Europe,Mayo GAA,"Gaelic football, hurling"
Estadio Universitario,42000,San Nicolás de los Garza,Mexico,North America,Tigres de la UANL,Association football
Arena da Baixada,42000,Curitiba,Brazil,South America,Atlético Paranaense,Association football
Chengdu Sports Centre,42000,"Chengdu, Sichuan",China,East Asia,Chengdu Blades,Association football
Stade Geoffroy-Guichard,42000,Saint-Étienne,France,Europe,AS Saint-Étienne,Association football
Estadio Hernando Siles,42000,La Paz,Bolivia,South America,"La Paz F.C., Club Bolívar*, The Strongest*",Association football
Royal Bafokeng Stadium,42000,Phokeng,South Africa,Africa,Platinum Stars F.C.,"Rugby union, association football, athletics"
Vodafone Stadium,41903,Istanbul,Turkey,West Asia,Beşiktaş J.K.,Association football
Darul Makmur Stadium,41895,Kuantan,Malaysia,Southeast Asia,Pahang FA,"Association football, Athletics"
Nationals Park,41888,"Washington, D.C.",United States,North America,Washington Nationals,Baseball
Estadio Gigante de Arroyito,41654,Rosario,Argentina,South America,Rosario Central,Association football
Stadio Friuli,41652,Udine,Italy,Europe,Udinese Calcio,Association football
Estádio Serra Dourada,41574,Goiânia,Brazil,South America,"Goiás Esporte Clube*, Vila Nova Futebol Clube*",Association football
Allianz Stadium (Juventus Stadium),41507,Turin,Italy,Europe,Juventus F.C.,Association football
Wuyuan River Stadium,41506,Haikou,China,East Asia,,"Athletics, concerts"
Oracle Park,41503,San Francisco,United States,North America,San Francisco Giants,"Baseball, American football"
Estadio Morelos,41500,Morelia,Mexico,North America,Monarcas Morelia,Association football
Vanderbilt Stadium,41448,"Nashville, Tennessee",United States,North America,Vanderbilt Commodores football,American football
Goyang Stadium,41311,Goyang,South Korea,East Asia,Goyang KB,Association football
Polideportivo Cachamay,41300,Ciudad Guayana,Venezuela,South America,Atlético Club Mineros de Guayana,Association football
Daejeon World Cup Stadium,41295,Daejeon,South Korea,East Asia,Daejeon Citizen,Association football
Plaza México,41262,Mexico City,Mexico,North America,,Bullfighting
Stade Félix-Bollaert,41233,Lens,France,Europe,RC Lens,Association football
Sonny Lubick Field at Canvas Stadium,41200,"Fort Collins, Colorado",United States,North America,Colorado State Rams football,American football
Truist Park,41149,Atlanta,United States,North America,Atlanta Braves,Baseball
Wrigley Field,41118,Chicago,United States,North America,Chicago Cubs,Baseball
Comerica Park,41070,Detroit,United States,North America,Detroit Tigers,Baseball
Dinamo Stadium,41040,Minsk,Belarus,Europe,"Belarus national football team, Dinamo Minsk",Association football
Bulldog Stadium,41031,"Fresno, California",United States,North America,Fresno State Bulldogs football,American football
M. M. Roberts Stadium,41000,"Hattiesburg, Mississippi",United States,North America,Southern Miss Golden Eagles football,American football
Estadio Olímpico Atahualpa,41000,Quito,Ecuador,South America,"Sociedad Deportivo Quito, Club Deportivo El Nacional",Association football
Minute Maid Park,40950,"Houston,",United States,North America,Houston Astros,Baseball
Estadio Atanasio Girardot,40943,Medellín,Colombia,South America,"Atlético Nacional, Independiente Medellín",Association football
Suzhou Olympic Sports Centre,40933,Suzhou,China,East Asia,,Athletics
Kauffman Stadium,40793,"Kansas City, Missouri",United States,North America,Kansas City Royals,Baseball
Estadio Defensores del Chaco,40759,Asunción,Paraguay,South America,Asociacion Paraguaya de Futbol,Association football
Kashima Soccer Stadium,40728,Kashima,Japan,East Asia,Kashima Antlers,Association football
Estadio Campeón del Siglo,40700,Montevideo,Uruguay,South America,Club Atlético Peñarol,Association football
Ladd–Peebles Stadium,40646,"Mobile, Alabama",United States,North America,South Alabama Jaguars football,American football
Guaranteed Rate Field,40615,Chicago,United States,North America,Chicago White Sox,Baseball
Helsinki Olympic Stadium,40600,Helsinki,Finland,Europe,Finland national football team,"Association football, athletics"
Baotou Olympic Sports Centre Stadium,40545,Baotou,China,East Asia,,Athletics
Estadio Couto Pereira,40502,Curitiba,Brazil,South America,Coritiba Foot Ball Club,Association football
Estadi Cornellà-El Prat,40500,Barcelona,Spain,Europe,RCD Espanyol,Association football
Nagoya Dome,40500,Nagoya,Japan,East Asia,Chunichi Dragons,Baseball
Estadio Ciudad de Lanús – Néstor Díaz Pérez,40320,Lanús,Argentina,South America,Club Atlético Lanús,Association football
Estadio Metropolitano de Fútbol de Lara,40312,Barquisimeto,Venezuela,South America,Unión Lara,Association football
Globe Life Field,40300,Arlington,United States,North America,Texas Rangers,Baseball
Lukas Enembe Stadium,40263,Jayapura,Indonesia,Southeast Asia,,"Association football, athletics"
Estádio Municipal Paulo Machado de Carvalho,40199,São Paulo,Brazil,South America,"Corinthians, Santos, Palmeiras",Association football
Mỹ Đình National Stadium,40192,Hanoi,Vietnam,Southeast Asia,Vietnam national football team,Association football
Goodison Park,40158,Liverpool,United Kingdom,Europe,Everton F.C.,Association football
Estadio George Capwell,40024,Guayaquil,Ecuador,South America,Club Sport Emelec,Association football
OSC Metalist,40003,Kharkiv,Ukraine,Europe,"Metalist 1925 Kharkiv, Shakhtar Donetsk",Association football
"Jawaharlal Nehru Stadium, Kochi",40000,"Kochi, Kerala",India,South Asia,"Kerala Blasters FC, India national football tea",Association football
Paris La Défense Arena,40000,Paris,France,Europe,Racing 92,Rugby runion
"Jawaharlal Nehru Stadium, Chennai",40000,Chennai,India,South Asia,"India national football team*, Indian Bank Recreational Club",Association football
Al-Shaab Stadium,40000,Baghdad,Iraq,West Asia,Baghdad Derbies,Association football
Batakan Stadium,40000,Balikpapan,Indonesia,Southeast Asia,Persiba Balikpapan,Association football
TDECU Stadium,40000,Houston,United States,North America,"Houston Cougars football, Houston Roughnecks",American football
Hang Jebat Stadium,40000,Malacca,Malaysia,Southeast Asia,Melaka Telekom,Association football
Peoples Football Stadium[152],40000,Karachi,Pakistan,South Asia,"HBL FC, Pakistan national football team",Association football
Castelão,40000,São Luís,Brazil,South America,"Moto Club, Sampaio Corrêa",Association football
Stade Mohamed Hamlaoui,40000,Constantine,Algeria,Africa,Club Sportif de Constantine,Association football
Hong Kong Stadium,40000,Hong Kong,China,East Asia,"Hong Kong national football team, South China AA","Association football, Rugby union"
JRD Tata Sports Complex,40000,Jamshedpur,India,South Asia,local football teams,Association football
M. Chinnaswamy Stadium,40000,Bengaluru,India,South Asia,"Karnataka cricket team, Royal Challengers Bangalore, Indian Cricket Team",Cricket
March 28 Stadium,40000,Benghazi,Libya,Africa,"Al-Ahly Benghazi, Al-Nasr Benghazi, Al Tahaddy Benghazi, Libya national football team*",Association football
Negeri Pulau Pinang Stadium,40000,Batu Kawan,Malaysia,Southeast Asia,Penang FA*,Association football
Accra Sports Stadium,40000,Accra,Ghana,Africa,"Accra Hearts of Oak Sporting Club, Great Olympics",Association football
Pratt & Whitney Stadium,40000,"East Hartford, Connecticut",United States,North America,UConn Huskies football,American football
Sarawak Stadium,40000,Kuching,Malaysia,Southeast Asia,Sarawak FA,Association football
Stade d'Angondjé,40000,Angondjé,Gabon,Africa,Gabon national football team,Association football
Bo'an Stadium,40000,"Shenzhen, Guangdong",China,East Asia,Shenzhen Ruby F.C.,Association football
Kunming Tuodong Sports Center,40000,"Kunming, Yunnan",China,East Asia,"China national football team*, local football teams",Association football
Vidarbha Cricket Association Ground,40000,Nagpur,India,South Asia,Vidarbha cricket team,Cricket
R. Premadasa Stadium,40000,Colombo,Sri Lanka,South Asia,Sri Lanka national cricket team,Cricket
Bogyoke Aung San Stadium,40000,Yangon,Myanmar,Southeast Asia,local football teams,Association football
Wuhu Olympic Stadium,40000,"Wuhu, Anhui",China,East Asia,local football teams,Association football
Nippert Stadium,40000,Cincinnati,United States,North America,"Cincinnati Bearcats football, FC Cincinnati","American football, Association football"
Hauptstadion,40000,Aachen,Germany,Europe,Aachen-Laurensberger Rennverein e.V.,equestrian and show jumping
Xining Stadium,40000,Xining,China,East Asia,local football teams,Association football
Shaoxing China Textile City Sports Center,40000,Shaoxing,China,East Asia,,Athletics
Bao'an Stadium,40000,Shenzhen,China,East Asia,,Association Football
Anqing Sports Centre Stadium,40000,Anqing,China,East Asia,,Athletics
